Model,Hidden_Dim,Layers,Heads,LR,Trainable,k,HitRate,NDCG,unSerendipity
word2vec,256,1,1,0.0001,True,10,0.08530805687203792,0.0461045701671233,0.72475314
word2vec,256,1,1,0.0001,True,20,0.12322274881516587,0.05576513715046538,0.7289518
word2vec,256,1,1,0.0001,False,10,0.030015797788309637,0.02027886266755335,0.5659631
word2vec,256,1,1,0.0001,False,20,0.036334913112164295,0.021866495686398715,0.564466
bert_multi,256,1,1,0.0001,True,10,0.044233807266982623,0.027034104311647156,0.8498385
bert_multi,256,1,1,0.0001,True,20,0.0631911532385466,0.03171184075859189,0.84903896
bert_multi,256,1,1,0.0001,False,10,0.00631911532385466,0.004402659944994337,0.7842885
bert_multi,256,1,1,0.0001,False,20,0.014218009478672985,0.006432141371290312,0.7869013
qwen,256,1,1,0.0001,True,10,0.044233807266982623,0.02436307040413797,0.85665756
qwen,256,1,1,0.0001,True,20,0.0631911532385466,0.02912027935091786,0.8562141
qwen,256,1,1,0.0001,False,10,0.0315955766192733,0.02707571989822037,0.31504044
qwen,256,1,1,0.0001,False,20,0.037914691943127965,0.028667464593950063,0.31319207
word2vec,256,1,1,1e-05,True,10,0.05055292259083728,0.02281538900680625,0.8711829
word2vec,256,1,1,1e-05,True,20,0.06477093206951026,0.026412288093349966,0.8693728
word2vec,256,1,1,1e-05,False,10,0.03317535545023697,0.026222554599279725,0.6511847
word2vec,256,1,1,1e-05,False,20,0.04107424960505529,0.028097213443796933,0.6701068
bert_multi,256,1,1,1e-05,True,10,0.05687203791469194,0.03322432177600922,0.86121166
bert_multi,256,1,1,1e-05,True,20,0.08846761453396525,0.04124072377911278,0.86089575
bert_multi,256,1,1,1e-05,False,10,0.01263823064770932,0.004946474683441998,0.7348572
bert_multi,256,1,1,1e-05,False,20,0.01579778830963665,0.005745776460392734,0.7361751
qwen,256,1,1,1e-05,True,10,0.052132701421800945,0.03344721191417438,0.85781664
qwen,256,1,1,1e-05,True,20,0.0631911532385466,0.036194422982355604,0.8574969
qwen,256,1,1,1e-05,False,10,0.03949447077409163,0.03236040533489041,0.34767738
qwen,256,1,1,1e-05,False,20,0.05055292259083728,0.03512398886897781,0.34922016
word2vec,256,1,2,0.0001,True,10,0.08214849921011058,0.04476559315033831,0.7245316
word2vec,256,1,2,0.0001,True,20,0.13744075829383887,0.05897816786629343,0.72876054
word2vec,256,1,2,0.0001,False,10,0.0315955766192733,0.020654258298935056,0.8363051
word2vec,256,1,2,0.0001,False,20,0.036334913112164295,0.021821206624867407,0.84185743
bert_multi,256,1,2,0.0001,True,10,0.052132701421800945,0.031464928556712145,0.8510936
bert_multi,256,1,2,0.0001,True,20,0.07898894154818326,0.03831307965528171,0.8499269
bert_multi,256,1,2,0.0001,False,10,0.017377567140600316,0.011049521892954895,0.8220327
bert_multi,256,1,2,0.0001,False,20,0.023696682464454975,0.012607309217241526,0.8219798
qwen,256,1,2,0.0001,True,10,0.061611374407582936,0.03706378360527531,0.8555421
qwen,256,1,2,0.0001,True,20,0.08056872037914692,0.04181588221902809,0.85522056
qwen,256,1,2,0.0001,False,10,0.044233807266982623,0.03712585567693877,0.4391843
qwen,256,1,2,0.0001,False,20,0.052132701421800945,0.039125869335398904,0.43656147
word2vec,256,1,2,1e-05,True,10,0.045813586097946286,0.021594851447489023,0.86667037
word2vec,256,1,2,1e-05,True,20,0.06477093206951026,0.026359304809895078,0.8640635
word2vec,256,1,2,1e-05,False,10,0.03475513428120063,0.028027297500064198,0.6230597
word2vec,256,1,2,1e-05,False,20,0.04107424960505529,0.029619649828847332,0.6213198
bert_multi,256,1,2,1e-05,True,10,0.052132701421800945,0.02881489125009885,0.8605784
bert_multi,256,1,2,1e-05,True,20,0.08056872037914692,0.03593698193298962,0.8597146
bert_multi,256,1,2,1e-05,False,10,0.01579778830963665,0.008896760073518141,0.8393533
bert_multi,256,1,2,1e-05,False,20,0.022116903633491312,0.010497483773305243,0.84298944
qwen,256,1,2,1e-05,True,10,0.052132701421800945,0.03325379098616372,0.85676044
qwen,256,1,2,1e-05,True,20,0.07109004739336493,0.038069652380220316,0.85626394
qwen,256,1,2,1e-05,False,10,0.03949447077409163,0.031025723270904883,0.42528728
qwen,256,1,2,1e-05,False,20,0.04897314375987362,0.03350503611057714,0.4260011
word2vec,256,1,3,0.0001,True,10,0.08846761453396525,0.048482890221082715,0.7268377
word2vec,256,1,3,0.0001,True,20,0.13744075829383887,0.06081683867461897,0.7295268
word2vec,256,1,3,0.0001,False,10,0.03317535545023697,0.02012762358473922,0.7660596
word2vec,256,1,3,0.0001,False,20,0.044233807266982623,0.022861670942602254,0.76338184
bert_multi,256,1,3,0.0001,True,10,0.04897314375987362,0.027139336079217355,0.8442026
bert_multi,256,1,3,0.0001,True,20,0.07109004739336493,0.032553532520952284,0.8428712
bert_multi,256,1,3,0.0001,False,10,0.011058451816745656,0.008461622728448692,0.817879
bert_multi,256,1,3,0.0001,False,20,0.020537124802527645,0.010912067782717404,0.8213384
qwen,256,1,3,0.0001,True,10,0.03949447077409163,0.02347979215757013,0.85257745
qwen,256,1,3,0.0001,True,20,0.0679304897314376,0.030489263687207797,0.8524325
qwen,256,1,3,0.0001,False,10,0.03475513428120063,0.029328657009590375,0.350755
qwen,256,1,3,0.0001,False,20,0.03949447077409163,0.030539208642482486,0.349374
word2vec,256,1,3,1e-05,True,10,0.045813586097946286,0.02148596918083312,0.86607915
word2vec,256,1,3,1e-05,True,20,0.0631911532385466,0.025848676863225974,0.86256814
word2vec,256,1,3,1e-05,False,10,0.02527646129541864,0.01656094801274586,0.78306276
word2vec,256,1,3,1e-05,False,20,0.037914691943127965,0.019780921088100218,0.78896177
bert_multi,256,1,3,1e-05,True,10,0.05055292259083728,0.030467472612170313,0.8595572
bert_multi,256,1,3,1e-05,True,20,0.07582938388625593,0.036753226201815745,0.85870755
bert_multi,256,1,3,1e-05,False,10,0.01263823064770932,0.007505169519281864,0.77815926
bert_multi,256,1,3,1e-05,False,20,0.020537124802527645,0.009437871447993521,0.77791464
qwen,256,1,3,1e-05,True,10,0.053712480252764615,0.0356817379363572,0.86533946
qwen,256,1,3,1e-05,True,20,0.07109004739336493,0.04001664478609816,0.86496633
qwen,256,1,3,1e-05,False,10,0.04897314375987362,0.0376200827938398,0.3720465
qwen,256,1,3,1e-05,False,20,0.05529225908372828,0.03921127041038976,0.37476522
word2vec,256,2,1,0.0001,True,10,0.08530805687203792,0.04566417819686753,0.7229024
word2vec,256,2,1,0.0001,True,20,0.12954186413902052,0.05683074319976555,0.72639513
word2vec,256,2,1,0.0001,False,10,0.0315955766192733,0.017746644062447078,0.6555465
word2vec,256,2,1,0.0001,False,20,0.036334913112164295,0.018963563310199976,0.65075976
bert_multi,256,2,1,0.0001,True,10,0.04265402843601896,0.022859734934958464,0.83543766
bert_multi,256,2,1,0.0001,True,20,0.0631911532385466,0.028111976807046274,0.83485085
bert_multi,256,2,1,0.0001,False,10,0.00315955766192733,0.001206966653091195,0.781039
bert_multi,256,2,1,0.0001,False,20,0.007898894154818325,0.0024129792191851717,0.7818203
qwen,256,2,1,0.0001,True,10,0.04107424960505529,0.018749551930825944,0.84760815
qwen,256,2,1,0.0001,True,20,0.06003159557661927,0.02355062068951427,0.8470342
qwen,256,2,1,0.0001,False,10,0.036334913112164295,0.02724857694042643,0.36318058
qwen,256,2,1,0.0001,False,20,0.044233807266982623,0.02919790693002983,0.3651743
word2vec,256,2,1,1e-05,True,10,0.05055292259083728,0.023902764497072144,0.8776111
word2vec,256,2,1,1e-05,True,20,0.07740916271721959,0.030541585919587593,0.87596035
word2vec,256,2,1,1e-05,False,10,0.02527646129541864,0.019421776189262822,0.69084394
word2vec,256,2,1,1e-05,False,20,0.03317535545023697,0.021334595896566694,0.7011581
bert_multi,256,2,1,1e-05,True,10,0.04265402843601896,0.021680957165786538,0.8489647
bert_multi,256,2,1,1e-05,True,20,0.06477093206951026,0.027377553785425196,0.8479457
bert_multi,256,2,1,1e-05,False,10,0.009478672985781991,0.003401239059697892,0.7908271
bert_multi,256,2,1,1e-05,False,20,0.018957345971563982,0.005810160169347334,0.7914196
qwen,256,2,1,1e-05,True,10,0.037914691943127965,0.02014599724477047,0.84764004
qwen,256,2,1,1e-05,True,20,0.05687203791469194,0.02494653454656787,0.8472841
qwen,256,2,1,1e-05,False,10,0.026856240126382307,0.017060846063238152,0.352405
qwen,256,2,1,1e-05,False,20,0.03475513428120063,0.018982841093654595,0.35245842
word2vec,256,2,2,0.0001,True,10,0.09320695102685624,0.05362749775523493,0.7303089
word2vec,256,2,2,0.0001,True,20,0.14691943127962084,0.0674096504317098,0.7327355
word2vec,256,2,2,0.0001,False,10,0.0315955766192733,0.02445732116733006,0.6017258
word2vec,256,2,2,0.0001,False,20,0.03949447077409163,0.02636145287595884,0.59782743
bert_multi,256,2,2,0.0001,True,10,0.045813586097946286,0.02460571224132563,0.8372584
bert_multi,256,2,2,0.0001,True,20,0.0631911532385466,0.029051701981354122,0.8365202
bert_multi,256,2,2,0.0001,False,10,0.001579778830963665,0.000526592943654555,0.7764779
bert_multi,256,2,2,0.0001,False,20,0.00315955766192733,0.0009309500128643741,0.77793366
qwen,256,2,2,0.0001,True,10,0.04107424960505529,0.02445465690878481,0.8468276
qwen,256,2,2,0.0001,True,20,0.06635071090047394,0.030929944802299086,0.8463956
qwen,256,2,2,0.0001,False,10,0.02843601895734597,0.024770415491146586,0.29806936
qwen,256,2,2,0.0001,False,20,0.030015797788309637,0.02518534366656079,0.2973657
word2vec,256,2,2,1e-05,True,10,0.04897314375987362,0.023663039751163722,0.8768054
word2vec,256,2,2,1e-05,True,20,0.07740916271721959,0.03066971789170996,0.875561
word2vec,256,2,2,1e-05,False,10,0.02843601895734597,0.01720588870859941,0.63350654
word2vec,256,2,2,1e-05,False,20,0.04739336492890995,0.021953068938800266,0.63643557
bert_multi,256,2,2,1e-05,True,10,0.03317535545023697,0.017730857422304395,0.8450211
bert_multi,256,2,2,1e-05,True,20,0.06003159557661927,0.02454829445084422,0.84436476
bert_multi,256,2,2,1e-05,False,10,0.01263823064770932,0.007012128752093887,0.83882344
bert_multi,256,2,2,1e-05,False,20,0.022116903633491312,0.009342392745240772,0.83879614
qwen,256,2,2,1e-05,True,10,0.037914691943127965,0.020729617038968706,0.84169763
qwen,256,2,2,1e-05,True,20,0.045813586097946286,0.022647073002587014,0.8414382
qwen,256,2,2,1e-05,False,10,0.026856240126382307,0.02371129694610705,0.31824407
qwen,256,2,2,1e-05,False,20,0.037914691943127965,0.026510089230897965,0.319672
word2vec,256,2,3,0.0001,True,10,0.09004739336492891,0.046349829874959086,0.7266499
word2vec,256,2,3,0.0001,True,20,0.14218009478672985,0.059373693573314616,0.7302936
word2vec,256,2,3,0.0001,False,10,0.030015797788309637,0.02415123049872442,0.65229785
word2vec,256,2,3,0.0001,False,20,0.036334913112164295,0.02569978263152743,0.65622586
bert_multi,256,2,3,0.0001,True,10,0.03949447077409163,0.01921014055835349,0.8349137
bert_multi,256,2,3,0.0001,True,20,0.053712480252764615,0.02278298726826493,0.83397186
bert_multi,256,2,3,0.0001,False,10,0.014218009478672985,0.008251325535664348,0.8163082
bert_multi,256,2,3,0.0001,False,20,0.022116903633491312,0.010306908935815477,0.82027876
qwen,256,2,3,0.0001,True,10,0.026856240126382307,0.01555714182348955,0.84897846
qwen,256,2,3,0.0001,True,20,0.05687203791469194,0.022951140782666204,0.84839183
qwen,256,2,3,0.0001,False,10,0.030015797788309637,0.019399802969480125,0.34414175
qwen,256,2,3,0.0001,False,20,0.03949447077409163,0.02182189664938012,0.3422707
word2vec,256,2,3,1e-05,True,10,0.05055292259083728,0.024224210259830913,0.87588227
word2vec,256,2,3,1e-05,True,20,0.0679304897314376,0.028479261987166035,0.8736883
word2vec,256,2,3,1e-05,False,10,0.014218009478672985,0.008763682826126645,0.63638395
word2vec,256,2,3,1e-05,False,20,0.017377567140600316,0.009565104748963011,0.63494486
bert_multi,256,2,3,1e-05,True,10,0.04739336492890995,0.024656878610569272,0.84559023
bert_multi,256,2,3,1e-05,True,20,0.07266982622432859,0.031020527106490153,0.84497494
bert_multi,256,2,3,1e-05,False,10,0.00315955766192733,0.00210637177461822,0.81852216
bert_multi,256,2,3,1e-05,False,20,0.00631911532385466,0.0028525341613720575,0.8213434
qwen,256,2,3,1e-05,True,10,0.036334913112164295,0.019697704767066615,0.8462574
qwen,256,2,3,1e-05,True,20,0.05529225908372828,0.02442844023465063,0.84579915
qwen,256,2,3,1e-05,False,10,0.037914691943127965,0.028077727335392596,0.40417054
qwen,256,2,3,1e-05,False,20,0.04265402843601896,0.029216241233332902,0.4049028
word2vec,256,3,1,0.0001,True,10,0.08372827804107424,0.04559832666212905,0.7185346
word2vec,256,3,1,0.0001,True,20,0.1406003159557662,0.05994575408471854,0.7221424
word2vec,256,3,1,0.0001,False,10,0.030015797788309637,0.01961155688874646,0.75982714
word2vec,256,3,1,0.0001,False,20,0.037914691943127965,0.021603903818052703,0.7620624
bert_multi,256,3,1,0.0001,True,10,0.03949447077409163,0.01836750779053241,0.8280791
bert_multi,256,3,1,0.0001,True,20,0.0631911532385466,0.024463036317886832,0.82733434
bert_multi,256,3,1,0.0001,False,10,0.001579778830963665,0.0006111418755679963,0.7848257
bert_multi,256,3,1,0.0001,False,20,0.001579778830963665,0.0006111418755679963,0.78568226
qwen,256,3,1,0.0001,True,10,0.04107424960505529,0.019746980114621195,0.83098215
qwen,256,3,1,0.0001,True,20,0.061611374407582936,0.024761906888592044,0.8303186
qwen,256,3,1,0.0001,False,10,0.009478672985781991,0.0062344306956669615,0.31749815
qwen,256,3,1,0.0001,False,20,0.009478672985781991,0.0062344306956669615,0.31861883
word2vec,256,3,1,1e-05,True,10,0.04897314375987362,0.0232331909995923,0.8806006
word2vec,256,3,1,1e-05,True,20,0.08214849921011058,0.03143889694234111,0.8786754
word2vec,256,3,1,1e-05,False,10,0.020537124802527645,0.009762835417241121,0.5782977
word2vec,256,3,1,1e-05,False,20,0.026856240126382307,0.011281474472855216,0.57969135
bert_multi,256,3,1,1e-05,True,10,0.037914691943127965,0.019760819752660974,0.74969876
bert_multi,256,3,1,1e-05,True,20,0.05055292259083728,0.022925885330000687,0.74895895
bert_multi,256,3,1,1e-05,False,10,0.001579778830963665,0.0007898894154818325,0.7681768
bert_multi,256,3,1,1e-05,False,20,0.001579778830963665,0.0007898894154818325,0.7714136
qwen,256,3,1,1e-05,True,10,0.03475513428120063,0.018371093013729464,0.8389349
qwen,256,3,1,1e-05,True,20,0.04739336492890995,0.021557445976218746,0.83845025
qwen,256,3,1,1e-05,False,10,0.02843601895734597,0.01757088500928196,0.39298707
qwen,256,3,1,1e-05,False,20,0.036334913112164295,0.01957236108062315,0.40101445
word2vec,256,3,2,0.0001,True,10,0.07898894154818326,0.04317826389062527,0.73005134
word2vec,256,3,2,0.0001,True,20,0.11216429699842022,0.051512274820449726,0.73350704
word2vec,256,3,2,0.0001,False,10,0.01263823064770932,0.008039805579790588,0.7470831
word2vec,256,3,2,0.0001,False,20,0.017377567140600316,0.009253307250488207,0.7551367
bert_multi,256,3,2,0.0001,True,10,0.04265402843601896,0.02194526590546292,0.81852174
bert_multi,256,3,2,0.0001,True,20,0.05529225908372828,0.024975631573940265,0.81782866
bert_multi,256,3,2,0.0001,False,10,0.00315955766192733,0.0014702631249184726,0.732462
bert_multi,256,3,2,0.0001,False,20,0.004739336492890996,0.0018746201941282916,0.7340742
qwen,256,3,2,0.0001,True,10,0.02843601895734597,0.01904538268930808,0.839193
qwen,256,3,2,0.0001,True,20,0.053712480252764615,0.025402926497379522,0.8384701
qwen,256,3,2,0.0001,False,10,0.014218009478672985,0.01176365660403979,0.2862371
qwen,256,3,2,0.0001,False,20,0.01579778830963665,0.012135550621996564,0.28769296
word2vec,256,3,2,1e-05,True,10,0.05055292259083728,0.024239851145808622,0.87967974
word2vec,256,3,2,1e-05,True,20,0.07898894154818326,0.031302854290564654,0.8782689
word2vec,256,3,2,1e-05,False,10,0.01579778830963665,0.009790288833813918,0.55854505
word2vec,256,3,2,1e-05,False,20,0.018957345971563982,0.01052770925486668,0.5544018
bert_multi,256,3,2,1e-05,True,10,0.045813586097946286,0.02231353949873398,0.7512667
bert_multi,256,3,2,1e-05,True,20,0.05845181674565561,0.025448052185319477,0.7503258
bert_multi,256,3,2,1e-05,False,10,0.00631911532385466,0.0024285477878344635,0.83908665
bert_multi,256,3,2,1e-05,False,20,0.01579778830963665,0.004780206515221326,0.8412527
qwen,256,3,2,1e-05,True,10,0.036334913112164295,0.01896774503024935,0.83366674
qwen,256,3,2,1e-05,True,20,0.052132701421800945,0.02312938872401677,0.83345944
qwen,256,3,2,1e-05,False,10,0.023696682464454975,0.014089361829378703,0.38760722
qwen,256,3,2,1e-05,False,20,0.026856240126382307,0.014872569556674037,0.38924527
word2vec,256,3,3,0.0001,True,10,0.08688783570300158,0.041773596324292936,0.72832876
word2vec,256,3,3,0.0001,True,20,0.12480252764612954,0.05129073974302264,0.7323549
word2vec,256,3,3,0.0001,False,10,0.017377567140600316,0.010767225273038002,0.56437045
word2vec,256,3,3,0.0001,False,20,0.026856240126382307,0.013318499331501631,0.5694221
bert_multi,256,3,3,0.0001,True,10,0.04265402843601896,0.02108010801475832,0.8359678
bert_multi,256,3,3,0.0001,True,20,0.052132701421800945,0.02360471094986447,0.8346623
bert_multi,256,3,3,0.0001,False,10,0.009478672985781991,0.005613072223893545,0.83893895
bert_multi,256,3,3,0.0001,False,20,0.020537124802527645,0.008307249887082572,0.84925365
qwen,256,3,3,0.0001,True,10,0.03317535545023697,0.015786824055056502,0.8467802
qwen,256,3,3,0.0001,True,20,0.04265402843601896,0.01810778900332258,0.84644884
qwen,256,3,3,0.0001,False,10,0.018957345971563982,0.010406532667271425,0.3121718
qwen,256,3,3,0.0001,False,20,0.022116903633491312,0.011233694575279885,0.31796366
word2vec,256,3,3,1e-05,True,10,0.05529225908372828,0.02541831518493836,0.8771361
word2vec,256,3,3,1e-05,True,20,0.08214849921011058,0.031997595810878854,0.8755381
word2vec,256,3,3,1e-05,False,10,0.020537124802527645,0.012007139198959085,0.5780868
word2vec,256,3,3,1e-05,False,20,0.026856240126382307,0.013566420843435732,0.57466304
bert_multi,256,3,3,1e-05,True,10,0.03317535545023697,0.017289603228960657,0.76048005
bert_multi,256,3,3,1e-05,True,20,0.052132701421800945,0.021994856445560224,0.7597403
bert_multi,256,3,3,1e-05,False,10,0.0,0.0,0.7885789
bert_multi,256,3,3,1e-05,False,20,0.011058451816745656,0.0027601706959713298,0.7995995
qwen,256,3,3,1e-05,True,10,0.036334913112164295,0.02037812390796663,0.84086764
qwen,256,3,3,1e-05,True,20,0.04739336492890995,0.023162931428371388,0.8406588
qwen,256,3,3,1e-05,False,10,0.020537124802527645,0.015452366028493099,0.30634937
qwen,256,3,3,1e-05,False,20,0.030015797788309637,0.01790404634365773,0.31535846
word2vec,512,1,1,0.0001,True,10,0.044233807266982623,0.025337722429056183,0.864526
word2vec,512,1,1,0.0001,True,20,0.06477093206951026,0.030462401509973643,0.86409736
word2vec,512,1,1,0.0001,False,10,0.02843601895734597,0.01816957436860828,0.54122686
word2vec,512,1,1,0.0001,False,20,0.03475513428120063,0.019675496802286287,0.54930395
bert_multi,512,1,1,0.0001,True,10,0.04265402843601896,0.02273598357572101,0.8489539
bert_multi,512,1,1,0.0001,True,20,0.06951026856240126,0.029527381410458683,0.8483482
bert_multi,512,1,1,0.0001,False,10,0.02843601895734597,0.01978500432122142,0.7622097
bert_multi,512,1,1,0.0001,False,20,0.0315955766192733,0.020571589476236062,0.76581025
qwen,512,1,1,0.0001,True,10,0.045813586097946286,0.02778311428498965,0.8575633
qwen,512,1,1,0.0001,True,20,0.07266982622432859,0.034633039803123475,0.8571242
qwen,512,1,1,0.0001,False,10,0.05055292259083728,0.04073756544433257,0.41706064
qwen,512,1,1,0.0001,False,20,0.05687203791469194,0.04228485874854045,0.4138019
word2vec,512,1,1,1e-05,True,10,0.03949447077409163,0.024656208368322257,0.883857
word2vec,512,1,1,1e-05,True,20,0.05529225908372828,0.028621980886354488,0.8833916
word2vec,512,1,1,1e-05,False,10,0.018957345971563982,0.013394185546631339,0.70939535
word2vec,512,1,1,1e-05,False,20,0.03317535545023697,0.01696385461218717,0.711266
bert_multi,512,1,1,1e-05,True,10,0.045813586097946286,0.028910943061151006,0.7942792
bert_multi,512,1,1,1e-05,True,20,0.061611374407582936,0.03273585221161986,0.7934617
bert_multi,512,1,1,1e-05,False,10,0.03317535545023697,0.023152800545241346,0.8426454
bert_multi,512,1,1,1e-05,False,20,0.036334913112164295,0.023984074130134137,0.8433788
qwen,512,1,1,1e-05,True,10,0.04897314375987362,0.03094662537373074,0.8605639
qwen,512,1,1,1e-05,True,20,0.061611374407582936,0.03413291309279195,0.86054033
qwen,512,1,1,1e-05,False,10,0.05687203791469194,0.042094641327101875,0.36361435
qwen,512,1,1,1e-05,False,20,0.06635071090047394,0.04466284756916779,0.3641169
word2vec,512,1,2,0.0001,True,10,0.022116903633491312,0.010155231850014337,0.8748598
word2vec,512,1,2,0.0001,True,20,0.03949447077409163,0.014415623183103923,0.87467486
word2vec,512,1,2,0.0001,False,10,0.01579778830963665,0.011065472430388978,0.5459063
word2vec,512,1,2,0.0001,False,20,0.0315955766192733,0.014973053982318662,0.5507867
bert_multi,512,1,2,0.0001,True,10,0.04897314375987362,0.03174931088702325,0.84332246
bert_multi,512,1,2,0.0001,True,20,0.06951026856240126,0.03678385303715943,0.84267557
bert_multi,512,1,2,0.0001,False,10,0.03475513428120063,0.027497383112935033,0.7798584
bert_multi,512,1,2,0.0001,False,20,0.037914691943127965,0.028319244336358924,0.7801855
qwen,512,1,2,0.0001,True,10,0.052132701421800945,0.024755569470019854,0.8518352
qwen,512,1,2,0.0001,True,20,0.07424960505529225,0.030256950620136776,0.85094184
qwen,512,1,2,0.0001,False,10,0.04739336492890995,0.037736986927663654,0.3857919
qwen,512,1,2,0.0001,False,20,0.05845181674565561,0.040598828744894254,0.38402593
word2vec,512,1,2,1e-05,True,10,0.03317535545023697,0.018537858019770065,0.8695699
word2vec,512,1,2,1e-05,True,20,0.04897314375987362,0.02260683220971404,0.86912924
word2vec,512,1,2,1e-05,False,10,0.023696682464454975,0.016037442549173334,0.57978976
word2vec,512,1,2,1e-05,False,20,0.03475513428120063,0.018812399913015244,0.5823089
bert_multi,512,1,2,1e-05,True,10,0.045813586097946286,0.029995469386667584,0.7912899
bert_multi,512,1,2,1e-05,True,20,0.05687203791469194,0.03278571807661478,0.7908517
bert_multi,512,1,2,1e-05,False,10,0.02843601895734597,0.01810607213458296,0.7965892
bert_multi,512,1,2,1e-05,False,20,0.03949447077409163,0.02093806228975714,0.7963324
qwen,512,1,2,1e-05,True,10,0.04265402843601896,0.025756774429515038,0.8563551
qwen,512,1,2,1e-05,True,20,0.05529225908372828,0.02888466361316163,0.8559444
qwen,512,1,2,1e-05,False,10,0.053712480252764615,0.04165061865139649,0.44061098
qwen,512,1,2,1e-05,False,20,0.06951026856240126,0.045602045644917995,0.43851456
word2vec,512,1,3,0.0001,True,10,0.06003159557661927,0.0358341874365698,0.85552883
word2vec,512,1,3,0.0001,True,20,0.08056872037914692,0.040867137484559,0.8551314
word2vec,512,1,3,0.0001,False,10,0.02527646129541864,0.013831858417892808,0.7217097
word2vec,512,1,3,0.0001,False,20,0.03949447077409163,0.017396552187371128,0.73121554
bert_multi,512,1,3,0.0001,True,10,0.053712480252764615,0.03194846987004533,0.837459
bert_multi,512,1,3,0.0001,True,20,0.07582938388625593,0.03751906833294276,0.83675176
bert_multi,512,1,3,0.0001,False,10,0.037914691943127965,0.024322880457694398,0.8123183
bert_multi,512,1,3,0.0001,False,20,0.045813586097946286,0.026238744911606382,0.81738347
qwen,512,1,3,0.0001,True,10,0.04897314375987362,0.03328600433502394,0.8428674
qwen,512,1,3,0.0001,True,20,0.0679304897314376,0.038121023587694515,0.8427806
qwen,512,1,3,0.0001,False,10,0.05845181674565561,0.04536167602289967,0.38777024
qwen,512,1,3,0.0001,False,20,0.06951026856240126,0.048017553501978213,0.3859459
word2vec,512,1,3,1e-05,True,10,0.02843601895734597,0.017479153676762997,0.8770778
word2vec,512,1,3,1e-05,True,20,0.05845181674565561,0.02501409804954238,0.87688506
word2vec,512,1,3,1e-05,False,10,0.03317535545023697,0.020877153439980707,0.70208174
word2vec,512,1,3,1e-05,False,20,0.044233807266982623,0.023820320922114238,0.7097946
bert_multi,512,1,3,1e-05,True,10,0.044233807266982623,0.02820503565746415,0.7811495
bert_multi,512,1,3,1e-05,True,20,0.05845181674565561,0.0318024687552442,0.78043145
bert_multi,512,1,3,1e-05,False,10,0.03475513428120063,0.0282127521010502,0.8625277
bert_multi,512,1,3,1e-05,False,20,0.03949447077409163,0.029427215627462932,0.86251557
qwen,512,1,3,1e-05,True,10,0.05055292259083728,0.032289278767621415,0.86184454
qwen,512,1,3,1e-05,True,20,0.07109004739336493,0.03737384986335332,0.8614695
qwen,512,1,3,1e-05,False,10,0.05687203791469194,0.042129482671836964,0.396709
qwen,512,1,3,1e-05,False,20,0.07582938388625593,0.04679205549756214,0.3967908
word2vec,512,2,1,0.0001,True,10,0.009478672985781991,0.005807136861852179,0.8430469
word2vec,512,2,1,0.0001,True,20,0.023696682464454975,0.009306568318480217,0.8427472
word2vec,512,2,1,0.0001,False,10,0.014218009478672985,0.009995101728615518,0.5565195
word2vec,512,2,1,0.0001,False,20,0.023696682464454975,0.012443613575403797,0.5589041
bert_multi,512,2,1,0.0001,True,10,0.04739336492890995,0.030143144369289047,0.8194831
bert_multi,512,2,1,0.0001,True,20,0.0679304897314376,0.03521262180002348,0.81893075
bert_multi,512,2,1,0.0001,False,10,0.01579778830963665,0.010363761763172467,0.844673
bert_multi,512,2,1,0.0001,False,20,0.022116903633491312,0.01198020326901553,0.8425902
qwen,512,2,1,0.0001,True,10,0.044233807266982623,0.025555279644025652,0.83910495
qwen,512,2,1,0.0001,True,20,0.05845181674565561,0.02897419895499281,0.8387604
qwen,512,2,1,0.0001,False,10,0.053712480252764615,0.040762792486553345,0.43524218
qwen,512,2,1,0.0001,False,20,0.06951026856240126,0.04479661086554779,0.4330128
word2vec,512,2,1,1e-05,True,10,0.023696682464454975,0.014632742734036582,0.88740665
word2vec,512,2,1,1e-05,True,20,0.036334913112164295,0.01779550122708547,0.8871599
word2vec,512,2,1,1e-05,False,10,0.020537124802527645,0.008597926427013052,0.7346354
word2vec,512,2,1,1e-05,False,20,0.03317535545023697,0.01169040761787682,0.7386431
bert_multi,512,2,1,1e-05,True,10,0.037914691943127965,0.024307570083377927,0.7710063
bert_multi,512,2,1,1e-05,True,20,0.053712480252764615,0.028155490645516923,0.77049166
bert_multi,512,2,1,1e-05,False,10,0.0315955766192733,0.023687394835208788,0.8332231
bert_multi,512,2,1,1e-05,False,20,0.04107424960505529,0.026079811151169755,0.8314888
qwen,512,2,1,1e-05,True,10,0.04739336492890995,0.02400634005924268,0.8442049
qwen,512,2,1,1e-05,True,20,0.053712480252764615,0.025538523190448043,0.8438572
qwen,512,2,1,1e-05,False,10,0.05055292259083728,0.039475154640298674,0.38139442
qwen,512,2,1,1e-05,False,20,0.052132701421800945,0.03987009934803959,0.37875673
word2vec,512,2,2,0.0001,True,10,0.02843601895734597,0.014839199880026433,0.8418364
word2vec,512,2,2,0.0001,True,20,0.04897314375987362,0.020028824125800444,0.841189
word2vec,512,2,2,0.0001,False,10,0.017377567140600316,0.010391583772843332,0.5315051
word2vec,512,2,2,0.0001,False,20,0.018957345971563982,0.010786528480584248,0.52784616
bert_multi,512,2,2,0.0001,True,10,0.045813586097946286,0.026905539963242738,0.81502706
bert_multi,512,2,2,0.0001,True,20,0.0631911532385466,0.03137916268234382,0.81446314
bert_multi,512,2,2,0.0001,False,10,0.030015797788309637,0.02543735966338326,0.86132294
bert_multi,512,2,2,0.0001,False,20,0.036334913112164295,0.027072983187980165,0.8696859
qwen,512,2,2,0.0001,True,10,0.03949447077409163,0.022355263977268627,0.8347931
qwen,512,2,2,0.0001,True,20,0.05687203791469194,0.026604854314555903,0.8345585
qwen,512,2,2,0.0001,False,10,0.045813586097946286,0.03866821610662675,0.34184712
qwen,512,2,2,0.0001,False,20,0.053712480252764615,0.040670066236973584,0.33958033
word2vec,512,2,2,1e-05,True,10,0.026856240126382307,0.01247775894097897,0.86005557
word2vec,512,2,2,1e-05,True,20,0.044233807266982623,0.016750414476242686,0.8596768
word2vec,512,2,2,1e-05,False,10,0.026856240126382307,0.01586877590919066,0.8219989
word2vec,512,2,2,1e-05,False,20,0.03949447077409163,0.019104647373738536,0.8260478
bert_multi,512,2,2,1e-05,True,10,0.04739336492890995,0.02813596728061634,0.7841551
bert_multi,512,2,2,1e-05,True,20,0.053712480252764615,0.029725135997546174,0.78377897
bert_multi,512,2,2,1e-05,False,10,0.018957345971563982,0.014878062399293637,0.83560044
bert_multi,512,2,2,1e-05,False,20,0.023696682464454975,0.016043925602307607,0.8341992
qwen,512,2,2,1e-05,True,10,0.04107424960505529,0.021073599103235526,0.8473461
qwen,512,2,2,1e-05,True,20,0.05055292259083728,0.0235258134296365,0.84728926
qwen,512,2,2,1e-05,False,10,0.053712480252764615,0.0396993036901319,0.3596485
qwen,512,2,2,1e-05,False,20,0.06477093206951026,0.04261451204954454,0.36695608
word2vec,512,2,3,0.0001,True,10,0.044233807266982623,0.021865164809315874,0.85684556
word2vec,512,2,3,0.0001,True,20,0.0679304897314376,0.027917556658316703,0.85663354
word2vec,512,2,3,0.0001,False,10,0.020537124802527645,0.013715225109665078,0.73045695
word2vec,512,2,3,0.0001,False,20,0.026856240126382307,0.01518369833690981,0.7315249
bert_multi,512,2,3,0.0001,True,10,0.02527646129541864,0.01148314294360245,0.8186605
bert_multi,512,2,3,0.0001,True,20,0.044233807266982623,0.016379529833357272,0.81801957
bert_multi,512,2,3,0.0001,False,10,0.004739336492890996,0.00315955766192733,0.75293076
bert_multi,512,2,3,0.0001,False,20,0.01263823064770932,0.00512395799340024,0.75525814
qwen,512,2,3,0.0001,True,10,0.04265402843601896,0.022182497022402433,0.8344816
qwen,512,2,3,0.0001,True,20,0.053712480252764615,0.025103813937381758,0.83408976
qwen,512,2,3,0.0001,False,10,0.04897314375987362,0.03687040661748094,0.40767494
qwen,512,2,3,0.0001,False,20,0.05845181674565561,0.039275204735064705,0.40556532
word2vec,512,2,3,1e-05,True,10,0.03317535545023697,0.01718554578099946,0.8592328
word2vec,512,2,3,1e-05,True,20,0.05529225908372828,0.02289718929211731,0.8588767
word2vec,512,2,3,1e-05,False,10,0.01579778830963665,0.008084119133797087,0.702328
word2vec,512,2,3,1e-05,False,20,0.0315955766192733,0.012056055955607079,0.70794487
bert_multi,512,2,3,1e-05,True,10,0.03949447077409163,0.019745016865712558,0.7712349
bert_multi,512,2,3,1e-05,True,20,0.05055292259083728,0.022489110157909217,0.770343
bert_multi,512,2,3,1e-05,False,10,0.036334913112164295,0.024788205095155894,0.8372364
bert_multi,512,2,3,1e-05,False,20,0.044233807266982623,0.02668879942383467,0.84247875
qwen,512,2,3,1e-05,True,10,0.03949447077409163,0.021066999769637423,0.84572995
qwen,512,2,3,1e-05,True,20,0.05845181674565561,0.025878598966385235,0.8455767
qwen,512,2,3,1e-05,False,10,0.045813586097946286,0.03767864967175534,0.40431643
qwen,512,2,3,1e-05,False,20,0.061611374407582936,0.04155792051746122,0.4089399
word2vec,512,3,1,0.0001,True,10,0.04107424960505529,0.01989052099151845,0.8527234
word2vec,512,3,1,0.0001,True,20,0.06003159557661927,0.024704947933756084,0.8523842
word2vec,512,3,1,0.0001,False,10,0.017377567140600316,0.010403211223796819,0.8220905
word2vec,512,3,1,0.0001,False,20,0.02527646129541864,0.012335913152508477,0.81959254
bert_multi,512,3,1,0.0001,True,10,0.053712480252764615,0.026278857524398642,0.8038773
bert_multi,512,3,1,0.0001,True,20,0.07266982622432859,0.03095212074041399,0.8031838
bert_multi,512,3,1,0.0001,False,10,0.020537124802527645,0.014005327422199336,0.84926975
bert_multi,512,3,1,0.0001,False,20,0.030015797788309637,0.016293319468115887,0.8489124
qwen,512,3,1,0.0001,True,10,0.03949447077409163,0.019062462064098604,0.8392415
qwen,512,3,1,0.0001,True,20,0.06003159557661927,0.024272657119690396,0.8383521
qwen,512,3,1,0.0001,False,10,0.04739336492890995,0.03611348922355854,0.3332232
qwen,512,3,1,0.0001,False,20,0.05687203791469194,0.03855874690983077,0.3346776
word2vec,512,3,1,1e-05,True,10,0.018957345971563982,0.011718987065425696,0.87805796
word2vec,512,3,1,1e-05,True,20,0.03949447077409163,0.017022326930112096,0.8778921
word2vec,512,3,1,1e-05,False,10,0.009478672985781991,0.005659288753800519,0.53840375
word2vec,512,3,1,1e-05,False,20,0.020537124802527645,0.008461840728564141,0.536527
bert_multi,512,3,1,1e-05,True,10,0.03317535545023697,0.018627887738032832,0.77669024
bert_multi,512,3,1,1e-05,True,20,0.04897314375987362,0.02258788633984458,0.7765495
bert_multi,512,3,1,1e-05,False,10,0.017377567140600316,0.011495854184556346,0.7954979
bert_multi,512,3,1,1e-05,False,20,0.022116903633491312,0.012735332878782394,0.80081654
qwen,512,3,1,1e-05,True,10,0.036334913112164295,0.017057194108102306,0.83974165
qwen,512,3,1,1e-05,True,20,0.05055292259083728,0.020686338841372068,0.8394582
qwen,512,3,1,1e-05,False,10,0.04897314375987362,0.037944335348657265,0.42442632
qwen,512,3,1,1e-05,False,20,0.0631911532385466,0.04151515974579631,0.4200132
word2vec,512,3,2,0.0001,True,10,0.022116903633491312,0.009747620097948065,0.83763385
word2vec,512,3,2,0.0001,True,20,0.036334913112164295,0.013347600731527553,0.83728606
word2vec,512,3,2,0.0001,False,10,0.009478672985781991,0.00513609294168437,0.67659867
word2vec,512,3,2,0.0001,False,20,0.026856240126382307,0.009457841433688743,0.6778037
bert_multi,512,3,2,0.0001,True,10,0.044233807266982623,0.02214641378781101,0.8141523
bert_multi,512,3,2,0.0001,True,20,0.07109004739336493,0.029110526402718724,0.8138017
bert_multi,512,3,2,0.0001,False,10,0.020537124802527645,0.011663887385149736,0.7931661
bert_multi,512,3,2,0.0001,False,20,0.0315955766192733,0.014388047763546819,0.7928212
qwen,512,3,2,0.0001,True,10,0.026856240126382307,0.013436118138063318,0.8349842
qwen,512,3,2,0.0001,True,20,0.04739336492890995,0.01867880958102728,0.8347333
qwen,512,3,2,0.0001,False,10,0.037914691943127965,0.034262058140440005,0.38327476
qwen,512,3,2,0.0001,False,20,0.03949447077409163,0.03467698631585421,0.38370216
word2vec,512,3,2,1e-05,True,10,0.03317535545023697,0.01789539650282016,0.8513663
word2vec,512,3,2,1e-05,True,20,0.05687203791469194,0.023755011248009144,0.8511359
word2vec,512,3,2,1e-05,False,10,0.007898894154818325,0.002960489333197506,0.5732804
word2vec,512,3,2,1e-05,False,20,0.01263823064770932,0.004122547718578356,0.5813766
bert_multi,512,3,2,1e-05,True,10,0.04107424960505529,0.020539638579417062,0.7629479
bert_multi,512,3,2,1e-05,True,20,0.05687203791469194,0.024504636180139382,0.7623968
bert_multi,512,3,2,1e-05,False,10,0.01579778830963665,0.012067821004065553,0.83580405
bert_multi,512,3,2,1e-05,False,20,0.022116903633491312,0.013539178433247057,0.8361394
qwen,512,3,2,1e-05,True,10,0.03317535545023697,0.015112590486573556,0.8400626
qwen,512,3,2,1e-05,True,20,0.052132701421800945,0.02010239777519757,0.84005386
qwen,512,3,2,1e-05,False,10,0.04107424960505529,0.03175226111486411,0.39883915
qwen,512,3,2,1e-05,False,20,0.05529225908372828,0.03542139468901798,0.39358827
word2vec,512,3,3,0.0001,True,10,0.045813586097946286,0.02339553202949831,0.8462651
word2vec,512,3,3,0.0001,True,20,0.061611374407582936,0.027360456462968488,0.84583235
word2vec,512,3,3,0.0001,False,10,0.014218009478672985,0.008250042764364472,0.55911356
word2vec,512,3,3,0.0001,False,20,0.022116903633491312,0.010299394341745644,0.56412554
bert_multi,512,3,3,0.0001,True,10,0.044233807266982623,0.024095486092720914,0.817661
bert_multi,512,3,3,0.0001,True,20,0.07109004739336493,0.03085077248157012,0.8170676
bert_multi,512,3,3,0.0001,False,10,0.022116903633491312,0.010390351940877715,0.80246073
bert_multi,512,3,3,0.0001,False,20,0.023696682464454975,0.010817268456560685,0.8020263
qwen,512,3,3,0.0001,True,10,0.026856240126382307,0.015327596117948776,0.839055
qwen,512,3,3,0.0001,True,20,0.04265402843601896,0.019130374601889193,0.83870596
qwen,512,3,3,0.0001,False,10,0.05055292259083728,0.03786268580516721,0.47302184
qwen,512,3,3,0.0001,False,20,0.052132701421800945,0.03826704287437702,0.4714766
word2vec,512,3,3,1e-05,True,10,0.036334913112164295,0.02087687142258908,0.85970277
word2vec,512,3,3,1e-05,True,20,0.06635071090047394,0.028347080337512404,0.8594796
word2vec,512,3,3,1e-05,False,10,0.011058451816745656,0.005459020065562944,0.5990151
word2vec,512,3,3,1e-05,False,20,0.01263823064770932,0.005885936581245914,0.6027056
bert_multi,512,3,3,1e-05,True,10,0.03317535545023697,0.019885145644842957,0.7623764
bert_multi,512,3,3,1e-05,True,20,0.044233807266982623,0.022696913610864056,0.76181084
bert_multi,512,3,3,1e-05,False,10,0.009478672985781991,0.004184379643566282,0.7677327
bert_multi,512,3,3,1e-05,False,20,0.01263823064770932,0.004964834222076477,0.7697329
qwen,512,3,3,1e-05,True,10,0.037914691943127965,0.01901607201928007,0.83985496
qwen,512,3,3,1e-05,True,20,0.053712480252764615,0.023034503934455112,0.839636
qwen,512,3,3,1e-05,False,10,0.044233807266982623,0.03240052887615488,0.36632302
qwen,512,3,3,1e-05,False,20,0.04739336492890995,0.03321393913926002,0.3658547
word2vec,1024,1,1,0.0001,True,10,0.0315955766192733,0.018996747378189283,0.8513471
word2vec,1024,1,1,0.0001,True,20,0.05055292259083728,0.023804933736821014,0.85118663
word2vec,1024,1,1,0.0001,False,10,0.04107424960505529,0.029321988207426073,0.8114607
word2vec,1024,1,1,0.0001,False,20,0.04897314375987362,0.03134551674601182,0.81290823
bert_multi,1024,1,1,0.0001,True,10,0.04107424960505529,0.0212205303252212,0.8339869
bert_multi,1024,1,1,0.0001,True,20,0.061611374407582936,0.02638993117213591,0.83358306
bert_multi,1024,1,1,0.0001,False,10,0.04265402843601896,0.0329715472104584,0.85125
bert_multi,1024,1,1,0.0001,False,20,0.04897314375987362,0.034469948593444544,0.85029554
qwen,1024,1,1,0.0001,True,10,0.21958925750394945,0.15330786665532165,0.614335
qwen,1024,1,1,0.0001,True,20,0.25434439178515006,0.16200909989099999,0.59239036
qwen,1024,1,1,0.0001,False,10,0.0679304897314376,0.04592200821889988,0.37968954
qwen,1024,1,1,0.0001,False,20,0.07740916271721959,0.04827317570297575,0.37964982
word2vec,1024,1,1,1e-05,True,10,0.036334913112164295,0.019299699904766446,0.8578547
word2vec,1024,1,1,1e-05,True,20,0.053712480252764615,0.023606209126943025,0.85760915
word2vec,1024,1,1,1e-05,False,10,0.03475513428120063,0.023999862230696386,0.7931116
word2vec,1024,1,1,1e-05,False,20,0.03949447077409163,0.025150381686660044,0.79960155
bert_multi,1024,1,1,1e-05,True,10,0.04739336492890995,0.02923329014421415,0.81323457
bert_multi,1024,1,1,1e-05,True,20,0.05529225908372828,0.03113909334301824,0.8126394
bert_multi,1024,1,1,1e-05,False,10,0.05055292259083728,0.03674632825821567,0.8200818
bert_multi,1024,1,1,1e-05,False,20,0.05055292259083728,0.03674632825821567,0.8198726
qwen,1024,1,1,1e-05,True,10,0.1721958925750395,0.11104672092500363,0.61985356
qwen,1024,1,1,1e-05,True,20,0.23854660347551343,0.1278221567005669,0.6116712
qwen,1024,1,1,1e-05,False,10,0.061611374407582936,0.044446547603602816,0.3937652
qwen,1024,1,1,1e-05,False,20,0.07898894154818326,0.0487815593446375,0.39350536
word2vec,1024,1,2,0.0001,True,10,0.01579778830963665,0.008685180109433923,0.8150707
word2vec,1024,1,2,0.0001,True,20,0.03949447077409163,0.014814452290454576,0.81471604
word2vec,1024,1,2,0.0001,False,10,0.03949447077409163,0.0283064088130513,0.6787359
word2vec,1024,1,2,0.0001,False,20,0.04739336492890995,0.03020698649584935,0.6803673
bert_multi,1024,1,2,0.0001,True,10,0.026856240126382307,0.012951987600946787,0.823328
bert_multi,1024,1,2,0.0001,True,20,0.044233807266982623,0.01745074048757274,0.82279795
bert_multi,1024,1,2,0.0001,False,10,0.036334913112164295,0.031322115946625005,0.83644855
bert_multi,1024,1,2,0.0001,False,20,0.045813586097946286,0.03369127047425677,0.84054714
qwen,1024,1,2,0.0001,True,10,0.22748815165876776,0.1577486126932389,0.61107475
qwen,1024,1,2,0.0001,True,20,0.27014218009478674,0.1685537573604446,0.5902014
qwen,1024,1,2,0.0001,False,10,0.0679304897314376,0.046472883180413746,0.42508143
qwen,1024,1,2,0.0001,False,20,0.08056872037914692,0.049619483770410054,0.42008743
word2vec,1024,1,2,1e-05,True,10,0.036334913112164295,0.02501747940814815,0.864635
word2vec,1024,1,2,1e-05,True,20,0.052132701421800945,0.029074028436103332,0.8642653
word2vec,1024,1,2,1e-05,False,10,0.03475513428120063,0.02487979550091752,0.8059912
word2vec,1024,1,2,1e-05,False,20,0.04265402843601896,0.026856758469593515,0.8128778
bert_multi,1024,1,2,1e-05,True,10,0.04265402843601896,0.027112317008640818,0.81246346
bert_multi,1024,1,2,1e-05,True,20,0.06635071090047394,0.032983670466610694,0.81221485
bert_multi,1024,1,2,1e-05,False,10,0.04107424960505529,0.03647310538735307,0.78251064
bert_multi,1024,1,2,1e-05,False,20,0.04739336492890995,0.03809228282422668,0.784123
qwen,1024,1,2,1e-05,True,10,0.15639810426540285,0.10175979295418268,0.6121426
qwen,1024,1,2,1e-05,True,20,0.22748815165876776,0.11997261435158117,0.60560036
qwen,1024,1,2,1e-05,False,10,0.06477093206951026,0.04527798542489189,0.40195403
qwen,1024,1,2,1e-05,False,20,0.08214849921011058,0.04958669687168986,0.3982007
word2vec,1024,1,3,0.0001,True,10,0.05687203791469194,0.030041099743007334,0.8387156
word2vec,1024,1,3,0.0001,True,20,0.07898894154818326,0.035741374682118826,0.83867985
word2vec,1024,1,3,0.0001,False,10,0.022116903633491312,0.012784378837747612,0.63722605
word2vec,1024,1,3,0.0001,False,20,0.0315955766192733,0.01523373876909794,0.64052904
bert_multi,1024,1,3,0.0001,True,10,0.03475513428120063,0.021033097060270928,0.83556473
bert_multi,1024,1,3,0.0001,True,20,0.04739336492890995,0.024378713134238908,0.835191
bert_multi,1024,1,3,0.0001,False,10,0.04107424960505529,0.03436913959942854,0.80446774
bert_multi,1024,1,3,0.0001,False,20,0.04739336492890995,0.03603602605264855,0.803473
qwen,1024,1,3,0.0001,True,10,0.21958925750394945,0.15329547702859214,0.6026542
qwen,1024,1,3,0.0001,True,20,0.2575039494470774,0.16261781239388665,0.5827387
qwen,1024,1,3,0.0001,False,10,0.0631911532385466,0.04544264363273084,0.3909643
qwen,1024,1,3,0.0001,False,20,0.07740916271721959,0.0491359507764426,0.38962352
word2vec,1024,1,3,1e-05,True,10,0.03475513428120063,0.02227675563861329,0.8600918
word2vec,1024,1,3,1e-05,True,20,0.04897314375987362,0.025888975404263923,0.8596956
word2vec,1024,1,3,1e-05,False,10,0.03475513428120063,0.023568045440003803,0.66712105
word2vec,1024,1,3,1e-05,False,20,0.04107424960505529,0.025120402390439934,0.6673389
bert_multi,1024,1,3,1e-05,True,10,0.05055292259083728,0.0282848800519015,0.8114705
bert_multi,1024,1,3,1e-05,True,20,0.05687203791469194,0.029858778643598115,0.81084895
bert_multi,1024,1,3,1e-05,False,10,0.044233807266982623,0.035428247519624964,0.796686
bert_multi,1024,1,3,1e-05,False,20,0.052132701421800945,0.037417192861072035,0.8022485
qwen,1024,1,3,1e-05,True,10,0.1500789889415482,0.09474939622223409,0.61313325
qwen,1024,1,3,1e-05,True,20,0.20695102685624012,0.10917073317212332,0.6061393
qwen,1024,1,3,1e-05,False,10,0.06635071090047394,0.04561099433779937,0.40176752
qwen,1024,1,3,1e-05,False,20,0.08688783570300158,0.05074891120693076,0.3991395
word2vec,1024,2,1,0.0001,True,10,0.030015797788309637,0.012858504844127806,0.8624464
word2vec,1024,2,1,0.0001,True,20,0.044233807266982623,0.016356032107754707,0.86211735
word2vec,1024,2,1,0.0001,False,10,0.026856240126382307,0.019462644117461313,0.71848667
word2vec,1024,2,1,0.0001,False,20,0.03317535545023697,0.021019647210583078,0.72170806
bert_multi,1024,2,1,0.0001,True,10,0.044233807266982623,0.02507599118619097,0.78361547
bert_multi,1024,2,1,0.0001,True,20,0.053712480252764615,0.02747341658891354,0.783503
bert_multi,1024,2,1,0.0001,False,10,0.0315955766192733,0.024509221865616986,0.80389607
bert_multi,1024,2,1,0.0001,False,20,0.037914691943127965,0.026031125488440936,0.8018695
qwen,1024,2,1,0.0001,True,10,0.24328593996840442,0.17775520019417443,0.60609627
qwen,1024,2,1,0.0001,True,20,0.2843601895734597,0.1879257301269547,0.5865661
qwen,1024,2,1,0.0001,False,10,0.06477093206951026,0.04544491071105537,0.38911566
qwen,1024,2,1,0.0001,False,20,0.07740916271721959,0.0485075462073604,0.3865106
word2vec,1024,2,1,1e-05,True,10,0.03317535545023697,0.01747698716133277,0.85552716
word2vec,1024,2,1,1e-05,True,20,0.06003159557661927,0.02406400984731129,0.8551982
word2vec,1024,2,1,1e-05,False,10,0.022116903633491312,0.014505114525146912,0.5450341
word2vec,1024,2,1,1e-05,False,20,0.026856240126382307,0.015658446998266757,0.5483948
bert_multi,1024,2,1,1e-05,True,10,0.037914691943127965,0.02330843100244177,0.8030408
bert_multi,1024,2,1,1e-05,True,20,0.053712480252764615,0.027246060097864268,0.80279124
bert_multi,1024,2,1,1e-05,False,10,0.037914691943127965,0.030207605646027154,0.87640476
bert_multi,1024,2,1,1e-05,False,20,0.04265402843601896,0.031375537848612384,0.87610286
qwen,1024,2,1,1e-05,True,10,0.17377567140600317,0.11214759676433464,0.6117764
qwen,1024,2,1,1e-05,True,20,0.2401263823064771,0.1289770217020685,0.60349417
qwen,1024,2,1,1e-05,False,10,0.06477093206951026,0.04481535640434178,0.39357942
qwen,1024,2,1,1e-05,False,20,0.07582938388625593,0.0475945427447736,0.3949906
word2vec,1024,2,2,0.0001,True,10,0.023696682464454975,0.010349247993703365,0.8659855
word2vec,1024,2,2,0.0001,True,20,0.03317535545023697,0.012879959484376207,0.86587787
word2vec,1024,2,2,0.0001,False,10,0.03317535545023697,0.024173888097230662,0.72015977
word2vec,1024,2,2,0.0001,False,20,0.037914691943127965,0.025322622227621987,0.729128
bert_multi,1024,2,2,0.0001,True,10,0.03949447077409163,0.021862890452900723,0.79178023
bert_multi,1024,2,2,0.0001,True,20,0.04739336492890995,0.02382199009978906,0.79187405
bert_multi,1024,2,2,0.0001,False,10,0.03317535545023697,0.02733082693207611,0.8561549
bert_multi,1024,2,2,0.0001,False,20,0.03475513428120063,0.027745755107490316,0.859998
qwen,1024,2,2,0.0001,True,10,0.23380726698262244,0.1599371841744516,0.59159875
qwen,1024,2,2,0.0001,True,20,0.2859399684044234,0.17274656778914296,0.5725948
qwen,1024,2,2,0.0001,False,10,0.05845181674565561,0.0423800415472247,0.3677611
qwen,1024,2,2,0.0001,False,20,0.07898894154818326,0.0476532733770171,0.36716294
word2vec,1024,2,2,1e-05,True,10,0.03475513428120063,0.016337837535458175,0.85761344
word2vec,1024,2,2,1e-05,True,20,0.04897314375987362,0.019916675956628885,0.85736924
word2vec,1024,2,2,1e-05,False,10,0.03475513428120063,0.026357603999575135,0.6595366
word2vec,1024,2,2,1e-05,False,20,0.037914691943127965,0.027170166178118214,0.6624061
bert_multi,1024,2,2,1e-05,True,10,0.04107424960505529,0.02128273175035533,0.7952017
bert_multi,1024,2,2,1e-05,True,20,0.04897314375987362,0.023205277300013157,0.79472613
bert_multi,1024,2,2,1e-05,False,10,0.04107424960505529,0.028133269753453614,0.8313233
bert_multi,1024,2,2,1e-05,False,20,0.053712480252764615,0.03141659771251669,0.8337385
qwen,1024,2,2,1e-05,True,10,0.17377567140600317,0.1108134831273069,0.61008024
qwen,1024,2,2,1e-05,True,20,0.23222748815165878,0.1253516981781546,0.60269696
qwen,1024,2,2,1e-05,False,10,0.06635071090047394,0.04576510166333871,0.40563035
qwen,1024,2,2,1e-05,False,20,0.07582938388625593,0.04809915729254653,0.4032122
word2vec,1024,2,3,0.0001,True,10,0.022116903633491312,0.010228963348081375,0.8263679
word2vec,1024,2,3,0.0001,True,20,0.0315955766192733,0.012516994632690284,0.82589793
word2vec,1024,2,3,0.0001,False,10,0.02527646129541864,0.015189247412962723,0.72861236
word2vec,1024,2,3,0.0001,False,20,0.036334913112164295,0.01804179498849569,0.72970635
bert_multi,1024,2,3,0.0001,True,10,0.036334913112164295,0.02028848497237509,0.7898745
bert_multi,1024,2,3,0.0001,True,20,0.04739336492890995,0.023157545719985545,0.7898366
bert_multi,1024,2,3,0.0001,False,10,0.037914691943127965,0.030673590027574388,0.80918336
bert_multi,1024,2,3,0.0001,False,20,0.03949447077409163,0.03104548404553116,0.81081986
qwen,1024,2,3,0.0001,True,10,0.20063191153238547,0.14062218169759827,0.5609287
qwen,1024,2,3,0.0001,True,20,0.2575039494470774,0.15515459999252726,0.5465631
qwen,1024,2,3,0.0001,False,10,0.0631911532385466,0.04551925122654185,0.43009248
qwen,1024,2,3,0.0001,False,20,0.08056872037914692,0.04987869297783915,0.42939737
word2vec,1024,2,3,1e-05,True,10,0.0315955766192733,0.020089144861615383,0.85964245
word2vec,1024,2,3,1e-05,True,20,0.044233807266982623,0.023280094776802297,0.8593819
word2vec,1024,2,3,1e-05,False,10,0.022116903633491312,0.01194270228146915,0.5317023
word2vec,1024,2,3,1e-05,False,20,0.02843601895734597,0.01356232432601116,0.5314312
bert_multi,1024,2,3,1e-05,True,10,0.037914691943127965,0.024138016636458662,0.79217464
bert_multi,1024,2,3,1e-05,True,20,0.052132701421800945,0.027714162349089147,0.7917
bert_multi,1024,2,3,1e-05,False,10,0.044233807266982623,0.03233607872387627,0.844319
bert_multi,1024,2,3,1e-05,False,20,0.04897314375987362,0.03362177211425869,0.84560305
qwen,1024,2,3,1e-05,True,10,0.1674565560821485,0.105892609311665,0.6076762
qwen,1024,2,3,1e-05,True,20,0.22432859399684044,0.12037200781159373,0.60052615
qwen,1024,2,3,1e-05,False,10,0.06003159557661927,0.04387981710888908,0.4000408
qwen,1024,2,3,1e-05,False,20,0.07266982622432859,0.047102804667886786,0.39509213
word2vec,1024,3,1,0.0001,True,10,0.017377567140600316,0.008849633443995173,0.86982983
word2vec,1024,3,1,0.0001,True,20,0.030015797788309637,0.012070414390331647,0.86971337
word2vec,1024,3,1,0.0001,False,10,0.01263823064770932,0.005688382909928148,0.76453507
word2vec,1024,3,1,0.0001,False,20,0.02843601895734597,0.009666859342813647,0.76615375
bert_multi,1024,3,1,0.0001,True,10,0.037914691943127965,0.02080592470447861,0.77615166
bert_multi,1024,3,1,0.0001,True,20,0.06477093206951026,0.027544145807307338,0.77574325
bert_multi,1024,3,1,0.0001,False,10,0.044233807266982623,0.032784423596964506,0.83828866
bert_multi,1024,3,1,0.0001,False,20,0.045813586097946286,0.03319935177237872,0.8396484
qwen,1024,3,1,0.0001,True,10,0.20695102685624012,0.14683755984979122,0.5837572
qwen,1024,3,1,0.0001,True,20,0.2527646129541864,0.1586023253074923,0.5647123
qwen,1024,3,1,0.0001,False,10,0.06003159557661927,0.04473960560105963,0.3897438
qwen,1024,3,1,0.0001,False,20,0.07740916271721959,0.04905207107719335,0.38626787
word2vec,1024,3,1,1e-05,True,10,0.030015797788309637,0.016196195973539298,0.8590978
word2vec,1024,3,1,1e-05,True,20,0.04265402843601896,0.019394692425344865,0.8588015
word2vec,1024,3,1,1e-05,False,10,0.026856240126382307,0.015325395004532779,0.82814354
word2vec,1024,3,1,1e-05,False,20,0.036334913112164295,0.017519573125301658,0.8308764
bert_multi,1024,3,1,1e-05,True,10,0.03475513428120063,0.01773794420093411,0.7894049
bert_multi,1024,3,1,1e-05,True,20,0.05055292259083728,0.021659143288799757,0.7889257
bert_multi,1024,3,1,1e-05,False,10,0.03475513428120063,0.02565965641185258,0.8224164
bert_multi,1024,3,1,1e-05,False,20,0.037914691943127965,0.02649092999674537,0.8216529
qwen,1024,3,1,1e-05,True,10,0.17377567140600317,0.11634491732165123,0.6081387
qwen,1024,3,1,1e-05,True,20,0.22906793048973143,0.13032136935950872,0.60016733
qwen,1024,3,1,1e-05,False,10,0.05687203791469194,0.04204807771658259,0.41615945
qwen,1024,3,1,1e-05,False,20,0.07582938388625593,0.046823417129740696,0.41458106
word2vec,1024,3,2,0.0001,True,10,0.036334913112164295,0.01751110625791781,0.83373255
word2vec,1024,3,2,0.0001,True,20,0.05687203791469194,0.022543491895343888,0.83366406
word2vec,1024,3,2,0.0001,False,10,0.036334913112164295,0.026546682082666046,0.6022658
word2vec,1024,3,2,0.0001,False,20,0.03949447077409163,0.027382294950993268,0.6051872
bert_multi,1024,3,2,0.0001,True,10,0.0315955766192733,0.01649967599484152,0.80876535
bert_multi,1024,3,2,0.0001,True,20,0.044233807266982623,0.01977051783286194,0.80876195
bert_multi,1024,3,2,0.0001,False,10,0.03475513428120063,0.02551258270714266,0.7963068
bert_multi,1024,3,2,0.0001,False,20,0.03949447077409163,0.026722706950120967,0.79496944
qwen,1024,3,2,0.0001,True,10,0.21800947867298578,0.15698036470729942,0.5781155
qwen,1024,3,2,0.0001,True,20,0.27014218009478674,0.16985078899150513,0.55875486
qwen,1024,3,2,0.0001,False,10,0.053712480252764615,0.041247099034435276,0.40960282
qwen,1024,3,2,0.0001,False,20,0.07266982622432859,0.046190516758820306,0.4079998
word2vec,1024,3,2,1e-05,True,10,0.022116903633491312,0.011784624342423384,0.85280323
word2vec,1024,3,2,1e-05,True,20,0.044233807266982623,0.017378226859462362,0.85250616
word2vec,1024,3,2,1e-05,False,10,0.02843601895734597,0.016345929146581954,0.73536307
word2vec,1024,3,2,1e-05,False,20,0.03949447077409163,0.019071251164057848,0.73845047
bert_multi,1024,3,2,1e-05,True,10,0.036334913112164295,0.020604912518404774,0.79589313
bert_multi,1024,3,2,1e-05,True,20,0.04897314375987362,0.02363832195860266,0.7954543
bert_multi,1024,3,2,1e-05,False,10,0.026856240126382307,0.019341813234454684,0.83526003
bert_multi,1024,3,2,1e-05,False,20,0.03317535545023697,0.020905968173602105,0.8371407
qwen,1024,3,2,1e-05,True,10,0.16429699842022116,0.10834508139997089,0.60610485
qwen,1024,3,2,1e-05,True,20,0.2211690363349131,0.12267177689771104,0.5976995
qwen,1024,3,2,1e-05,False,10,0.0631911532385466,0.04426695784990722,0.44813073
qwen,1024,3,2,1e-05,False,20,0.07898894154818326,0.048152668087695104,0.44286945
word2vec,1024,3,3,0.0001,True,10,0.036334913112164295,0.018546661970441834,0.85353994
word2vec,1024,3,3,0.0001,True,20,0.04897314375987362,0.0217173163271013,0.8535337
word2vec,1024,3,3,0.0001,False,10,0.011058451816745656,0.007428621933681312,0.5424108
word2vec,1024,3,3,0.0001,False,20,0.01579778830963665,0.0086750572680361,0.5416532
bert_multi,1024,3,3,0.0001,True,10,0.037914691943127965,0.01871124021155331,0.77896154
bert_multi,1024,3,3,0.0001,True,20,0.04739336492890995,0.021128400728411482,0.7787335
bert_multi,1024,3,3,0.0001,False,10,0.037914691943127965,0.026395498005181883,0.8560167
bert_multi,1024,3,3,0.0001,False,20,0.044233807266982623,0.027993119072461374,0.85626054
qwen,1024,3,3,0.0001,True,10,0.23064770932069512,0.1705252530699243,0.599614
qwen,1024,3,3,0.0001,True,20,0.27804107424960506,0.1824418963586897,0.57894707
qwen,1024,3,3,0.0001,False,10,0.06635071090047394,0.04707350698809841,0.3770383
qwen,1024,3,3,0.0001,False,20,0.07740916271721959,0.04987613754459285,0.37759462
word2vec,1024,3,3,1e-05,True,10,0.030015797788309637,0.016895972519157167,0.8543039
word2vec,1024,3,3,1e-05,True,20,0.04897314375987362,0.021590163840806333,0.8540687
word2vec,1024,3,3,1e-05,False,10,0.023696682464454975,0.012748468991385917,0.6273654
word2vec,1024,3,3,1e-05,False,20,0.02843601895734597,0.013969591730482414,0.6318374
bert_multi,1024,3,3,1e-05,True,10,0.04107424960505529,0.023863043381099746,0.79721594
bert_multi,1024,3,3,1e-05,True,20,0.053712480252764615,0.02705972733828273,0.7971742
bert_multi,1024,3,3,1e-05,False,10,0.02843601895734597,0.023148474446743703,0.7895937
bert_multi,1024,3,3,1e-05,False,20,0.036334913112164295,0.025237317654200304,0.7878916
qwen,1024,3,3,1e-05,True,10,0.16903633491311215,0.10461651620241699,0.60329205
qwen,1024,3,3,1e-05,True,20,0.2132701421800948,0.11575350790835309,0.5958823
qwen,1024,3,3,1e-05,False,10,0.06951026856240126,0.047387689267827826,0.4075849
qwen,1024,3,3,1e-05,False,20,0.08214849921011058,0.05059461818756691,0.407247
